{
  "version": 1,
  "author": "Anonymous maker",
  "editor": "wokwi",
  "parts": [
    { "type": "wokwi-breadboard-half", "id": "bb1", "top": -156.6, "left": -6.8, "attrs": {} },
    { "type": "wokwi-arduino-uno", "id": "uno", "top": 106.2, "left": 47.4, "attrs": {} },
    {
      "type": "wokwi-lcd1602",
      "id": "lcd1",
      "top": -204.8,
      "left": 418.4,
      "attrs": { "pins": "i2c" }
    },
    {
      "type": "wokwi-led",
      "id": "led1",
      "top": -22.8,
      "left": 397.4,
      "attrs": { "color": "red" }
    },
    {
      "type": "wokwi-buzzer",
      "id": "bz1",
      "top": -266.4,
      "left": 97.8,
      "attrs": { "volume": "0.1" }
    },
    { "type": "wokwi-potentiometer", "id": "pot1", "top": -39.7, "left": -221, "attrs": {} },
    {
      "type": "wokwi-photoresistor-sensor",
      "id": "ldr1",
      "top": -188.8,
      "left": -316,
      "attrs": {}
    },
    {
      "type": "wokwi-resistor",
      "id": "r1",
      "top": -43.2,
      "left": 268.25,
      "rotate": 90,
      "attrs": { "value": "10000" }
    },
    {
      "type": "wokwi-resistor",
      "id": "r2",
      "top": -43.2,
      "left": 95.45,
      "rotate": 90,
      "attrs": { "value": "100" }
    }
  ],
  "connections": [
    [ "uno:GND.1", "bb1:bn.1", "black", [ "v-19.2", "h-76.5" ] ],
    [ "bb1:tn.1", "bb1:bn.1", "green", [ "v0" ] ],
    [ "uno:5V", "bb1:bp.2", "red", [ "v28.7", "h-188.2", "v-268.8", "h9.6" ] ],
    [ "bb1:tp.2", "bb1:bp.2", "green", [ "v0" ] ],
    [ "lcd1:VCC", "bb1:tp.18", "red", [ "h-19.2", "v0.1" ] ],
    [ "lcd1:GND", "bb1:tn.17", "black", [ "h-28.8" ] ],
    [ "pot1:GND", "bb1:tn.3", "black", [ "v28.8", "h86.4" ] ],
    [ "pot1:VCC", "bb1:tp.4", "red", [ "v19.2", "h66.4", "v28.8" ] ],
    [ "ldr1:VCC", "bb1:tp.15", "red", [ "h19.2" ] ],
    [ "ldr1:GND", "bb1:tn.14", "black", [ "h9.6", "v-0.4" ] ],
    [ "ldr1:AO", "bb1:6t.a", "green", [ "h0", "v66.5", "h-57.6" ] ],
    [ "bb1:6t.e", "bb1:6b.f", "green", [ "v0" ] ],
    [
      "bb1:6b.j",
      "uno:A1",
      "green",
      [ "v19.2", "h-153.6", "v326.4", "h307.2", "v-9.6", "h-19.2" ]
    ],
    [ "led1:C", "bb1:tn.25", "green", [ "v0", "h-47.6", "v-57.6" ] ],
    [ "led1:A", "bb1:30t.e", "green", [ "v19.2" ] ],
    [ "bb1:30b.j", "uno:3", "green", [ "v67.2", "h-76.8" ] ],
    [ "lcd1:SDA", "bb1:23t.a", "green", [ "h-9.6", "v0.2" ] ],
    [ "lcd1:SCL", "bb1:24t.b", "green", [ "h0" ] ],
    [ "bb1:23t.e", "bb1:23b.f", "green", [ "v0" ] ],
    [ "bb1:24t.e", "bb1:24b.f", "green", [ "v0" ] ],
    [ "bb1:23b.h", "uno:A4", "green", [ "v0", "h134.4", "v336", "h-134.4" ] ],
    [ "bb1:24b.j", "uno:A5", "green", [ "v0", "h105.6", "v297.6", "h-105.6" ] ],
    [ "bz1:1", "bb1:tn.9", "green", [ "v0" ] ],
    [ "bz1:2", "bb1:12t.d", "green", [ "v96", "h-0.4" ] ],
    [ "bb1:12b.j", "uno:8", "green", [ "v19.2", "h9.6", "v38.4", "h28.8" ] ],
    [ "pot1:SIG", "uno:A2", "green", [ "v537.6", "h412.4" ] ],
    [ "r1:1", "bb1:30t.e", "", [ "$bb" ] ],
    [ "r1:2", "bb1:30b.i", "", [ "$bb" ] ],
    [ "r2:1", "bb1:12t.e", "", [ "$bb" ] ],
    [ "r2:2", "bb1:12b.i", "", [ "$bb" ] ]
  ],
  "dependencies": {}
}